Nama Instansi,Nama Satuan Kerja,Kode Paket,Kode RUP,Tahun Anggaran,Sumber Transaksi,Sumber Dana,Nama Penyedia,Metode Pengadaan,Jenis Pengadaan,Nama Paket,Status Paket,Total Nilai (Rp),Nilai PDN (Rp)
KAB. MAJALENGKA,DINAS PEKERJAAN UMUM DAN TATA RUANG - 1.03.0.00.0.00.01.0000,10124865000,63460735,2026,Tender,APBD,,Seleksi,Jasa Konsultansi Badan Usaha Konstruksi,Belanja Modal Jembatan pada Jalan Kabupaten (Jasa Konsultan Pengawas Pembangunan Jembatan Leuweunggede),BERLANGSUNG,399711000,399711000
KAB. MAJALENGKA,DINAS PEKERJAAN UMUM DAN TATA RUANG - 1.03.0.00.0.00.01.0000,10795358000,65892939,2026,Non Tender,APBD,CV TRIANA AL MANDIRI,Pengadaan Langsung,Pekerjaan Konstruksi,Belanja Modal Jalan Kabupaten (Pemeliharaan Jalan Palasah - Maodin),BERLANGSUNG,398364813,398364813
KAB. MAJALENGKA,DINAS PEKERJAAN UMUM DAN TATA RUANG - 1.03.0.00.0.00.01.0000,10768616000,64816999,2026,Non Tender,APBD,CV. CIFAS,Pengadaan Langsung,Pengadaan Barang,"Belanja Bahan-Bahan Bangunan dan Konstruksi (Bahan Pemeliharaan Saluran Induk Lojikobong (Blk.1 - Blk.2) Lanjutan, Bahan Pemeliharaan Saluran Induk Lojikobong (Blk.3 - Blk.4), Bahan Pemeliharaan Saluran Induk Lojikobong (Blk.4 - Blk.5), Bahan Pemeliharaan Saluran Induk Lojikobong (Blk.6 - Blk.7) Lanjutan) pada UPTD SDA Sumberjaya",SELESAI,50480558,0
KAB. MAJALENGKA,DINAS PEKERJAAN UMUM DAN TATA RUANG - 1.03.0.00.0.00.01.0000,10786809000,65897145,2026,Non Tender,APBD,CV. ANDIS KARYA TEKNIK,Pengadaan Langsung,Pekerjaan Konstruksi,Belanja Modal Jalan Kabupaten (Pemeliharaan Jalan Siti Armilah),SELESAI,398054358,398054358
KAB. MAJALENGKA,DINAS PEKERJAAN UMUM DAN TATA RUANG - 1.03.0.00.0.00.01.0000,10815649000,65480988,2026,Non Tender,APBD,CV. RADJA,Pengadaan Langsung,Pekerjaan Konstruksi,Belanja Modal Jalan Kabupaten (Pemeliharaan Jalan Banjaran - Genteng),BERLANGSUNG,398228318,398228318
KAB. MAJALENGKA,DINAS PEKERJAAN UMUM DAN TATA RUANG - 1.03.0.00.0.00.01.0000,10815648000,65481127,2026,Non Tender,APBD,CV. HASBI KARYA,Pengadaan Langsung,Pekerjaan Konstruksi,Belanja Modal Jalan Kabupaten (Pemeliharaan Jalan Banjaran - Sarangpeuteuy),BERLANGSUNG,398570753,398570753
KAB. MAJALENGKA,DINAS PEKERJAAN UMUM DAN TATA RUANG - 1.03.0.00.0.00.01.0000,10788277000,65534037,2026,Non Tender,APBD,CV. PRINGGANDANI,Pengadaan Langsung,Pekerjaan Konstruksi,Belanja Modal Jalan Kabupaten (Pemeliharaan Jalan Imam Bonjol),SELESAI,298587336,298587336
KAB. MAJALENGKA,DINAS PEKERJAAN UMUM DAN TATA RUANG - 1.03.0.00.0.00.01.0000,10773800000,63494768,2026,Non Tender,APBD,CV. DINAMIS,Pengadaan Langsung,Pengadaan Barang,Belanja Bahan-Bahan Bangunan dan Konstruksi (Belanja Bahan Untuk Unit Reaksi Cepat UPTD Bantarujeg (Tahap 2)),SELESAI,99275348,0
KAB. MAJALENGKA,DINAS PEKERJAAN UMUM DAN TATA RUANG - 1.03.0.00.0.00.01.0000,10786819000,65892696,2026,Non Tender,APBD,CV. MULTI BERKAHNESIA,Pengadaan Langsung,Pekerjaan Konstruksi,Belanja Modal Jalan Kabupaten (Pemeliharaan Jalan Pahlawan),SELESAI,298295901,298295901
KAB. MAJALENGKA,DINAS PEKERJAAN UMUM DAN TATA RUANG - 1.03.0.00.0.00.01.0000,10767261000,63468023,2026,Non Tender,APBD,PT.PARAHYANG MEGATAMA KONSULTAN,Pengadaan Langsung,Jasa Konsultansi Badan Usaha Konstruksi,Belanja Jasa Konsultansi Berorientasi Layanan-Jasa Survei ( Pemutakhiran Data Kondisi Jalan Wilayah Tengah),SELESAI,99372750,99372750
KAB. MAJALENGKA,DINAS PEKERJAAN UMUM DAN TATA RUANG - 1.03.0.00.0.00.01.0000,10815664000,65656175,2026,Non Tender,APBD,CV. FAZRI PUTRA,Pengadaan Langsung,Pekerjaan Konstruksi,Belanja Modal Jalan Kabupaten (Pemeliharaan Jalan Malausma - Walahir),BERLANGSUNG,199078317,199078317
KAB. MAJALENGKA,DINAS PEKERJAAN UMUM DAN TATA RUANG - 1.03.0.00.0.00.01.0000,10768745000,64811217,2026,Non Tender,APBD,CV. CIFAS,Pengadaan Langsung,Pengadaan Barang,"Belanja Bahan-Bahan Bangunan dan Konstruksi Bahan (Pemeliharaan Saluran Bengkok, Bahan Pemeliharaan Saluran Ciranggon Lanjutan, Bahan Pemeliharaan Saluran Jati) pada UPTD SDA Dawuan",SELESAI,64943327,0
KAB. MAJALENGKA,DINAS PEKERJAAN UMUM DAN TATA RUANG - 1.03.0.00.0.00.01.0000,10767309000,63468641,2026,Non Tender,APBD,PT. Graha Mitra Konsultan,Pengadaan Langsung,Jasa Konsultansi Badan Usaha Konstruksi,Belanja Jasa Konsultansi Berorientasi Layanan-Jasa Survei (Pemutakhiran Data Kondisi Jalan Wilayah Utara),SELESAI,99539250,99539250
KAB. MAJALENGKA,DINAS PEKERJAAN UMUM DAN TATA RUANG - 1.03.0.00.0.00.01.0000,10797190000,65512522,2026,Non Tender,APBD,CV. SAMUDRA BERKAH ABADI,Pengadaan Langsung,Pekerjaan Konstruksi,Belanja Modal Jalan Kabupaten (Pemeliharaan Jalan Cipulus - Gunungmanik),BERLANGSUNG,199017417,199017417
KAB. MAJALENGKA,DINAS PEKERJAAN UMUM DAN TATA RUANG - 1.03.0.00.0.00.01.0000,01KKD5RXZEX89YXPT5Z4D6YYGJ,66350939,2026,E-Katalog 6.0,APBD,AILSA NANDA,E-Purchasing,Barang,Belanja Makanan dan Minuman Rapat (Jamuan Makan Rapat dan Snack Rapat Bagian Umum),ON PROCESS,11875000,11875000
KAB. MAJALENGKA,DINAS PEKERJAAN UMUM DAN TATA RUANG - 1.03.0.00.0.00.01.0000,10790451000,65476623,2026,Non Tender,APBD,CV. INTI RAYA,Pengadaan Langsung,Pekerjaan Konstruksi,Belanja Barang untuk Dijual/Diserahkan kepada Masyarakat (Pemeliharaan Jalan Ranji Wetan - Jembar),SELESAI,199046198,199046198
KAB. MAJALENGKA,DINAS PEKERJAAN UMUM DAN TATA RUANG - 1.03.0.00.0.00.01.0000,01KPCRYVMARCZJ31AV53KPC1RJ,66350939,2026,E-Katalog 6.0,APBD,AILSA NANDA,E-Purchasing,Barang,Belanja Makanan dan Minuman Rapat (Jamuan Makan Rapat dan Snack Rapat Bagian Umum),ON PROCESS,2375000,2375000
KAB. MAJALENGKA,DINAS PEKERJAAN UMUM DAN TATA RUANG - 1.03.0.00.0.00.01.0000,10802213000,66021312,2026,Non Tender,APBD,CV. HALIMUN,Pengadaan Langsung,Pekerjaan Konstruksi,Belanja Modal Jalan Kabupaten (Pemeliharaan Jalan Sukamenak - Gununglarang Tonggoh),BERLANGSUNG,198674727,198674727
KAB. MAJALENGKA,DINAS PEKERJAAN UMUM DAN TATA RUANG - 1.03.0.00.0.00.01.0000,10781240000,63469153,2026,Non Tender,APBD,CV. POLA KARYA PRATAMA,Pengadaan Langsung,Jasa Konsultansi Badan Usaha Konstruksi,Belanja Jasa Konsultansi Berorientasi Layanan-Jasa Survei (Pemutakhiran Data Kondisi Jembatan),SELESAI,99650250,99650250
KAB. MAJALENGKA,DINAS PEKERJAAN UMUM DAN TATA RUANG - 1.03.0.00.0.00.01.0000,10767962000,63496030,2026,Non Tender,APBD,BARRAH,Pengadaan Langsung,Pengadaan Barang,Belanja Bahan-Bahan Bangunan dan Konstruksi (Belanja Bahan Untuk Unit Reaksi Cepat UPTD Jatitujuh (Tahap 1)),SELESAI,99328661,0
KAB. MAJALENGKA,DINAS PEKERJAAN UMUM DAN TATA RUANG - 1.03.0.00.0.00.01.0000,10796747000,65475907,2026,Non Tender,APBD,CV. ESA PRATAMA MANUNGGAL,Pengadaan Langsung,Pekerjaan Konstruksi,Belanja Barang untuk Dijual/Diserahkan kepada Masyarakat (Pemeliharaan Jalan Margamukti - Cangkuang),BERLANGSUNG,198956988,198956988
KAB. MAJALENGKA,DINAS PEKERJAAN UMUM DAN TATA RUANG - 1.03.0.00.0.00.01.0000,10768460000,64810771,2026,Non Tender,APBD,CV. YAD JAYA PERKASA,Pengadaan Langsung,Pengadaan Barang,"Belanja Bahan-Bahan Bangunan dan Konstruksi (Bahan Pemeliharaan Jaringan Irigasi Saluran Cikondang, Bahan Pemeliharaan Jaringan Irigasi Saluran Cipetek, Bahan Pemeliharaan Jaringan Irigasi Saluran Cisela) pada UPTD SDA Bantarujeg",SELESAI,51585375,0
KAB. MAJALENGKA,DINAS PEKERJAAN UMUM DAN TATA RUANG - 1.03.0.00.0.00.01.0000,01KJS58BZ7AV2SEXDKPTFDPTN4,66067113,2026,E-Katalog 6.0,APBD,AILSA NANDA,E-Purchasing,Barang,Beban Makanan dan Minuman Rapat Forum OPD (Makan Rapat dan Snack Rapat Pelaksanaan Forum OPD),ON PROCESS,9500000,9500000
KAB. MAJALENGKA,DINAS PEKERJAAN UMUM DAN TATA RUANG - 1.03.0.00.0.00.01.0000,01KGP8TAR2HTNRFKTPSZ234VGP,64642120,2026,E-Katalog 6.0,APBD,AILSA NANDA,E-Purchasing,Barang," Belanja Makanan dan Minuman Rapat (Jamuan Makan dan Snack Rapat Bagian Umum)",ON PROCESS,3087500,3087500
KAB. MAJALENGKA,DINAS PEKERJAAN UMUM DAN TATA RUANG - 1.03.0.00.0.00.01.0000,01KH2KPT0GEZNYHZ8SCH559P4P,64821462,2026,E-Katalog 6.0,APBD,AGAM MITRA MANDIRI,E-Purchasing,Barang,Belanja Bahan-Bahan Bakar dan Pelumas (Operasional UPTD SDA Sumberjaya Minyak Pelumas Oli dan Oli Samping),ON PROCESS,1017000,1017000
KAB. MAJALENGKA,DINAS PEKERJAAN UMUM DAN TATA RUANG - 1.03.0.00.0.00.01.0000,10767196000,63465961,2026,Non Tender,APBD,CV. POLA KARYA PRATAMA,Pengadaan Langsung,Jasa Konsultansi Badan Usaha Konstruksi,Belanja Jasa Konsultansi Berorientasi Layanan-Jasa Survei (Pemutakhiran Data Kondisi Jalan Wilayah Selatan),SELESAI,99561450,99561450
KAB. MAJALENGKA,DINAS PEKERJAAN UMUM DAN TATA RUANG - 1.03.0.00.0.00.01.0000,10773810000,63510365,2026,Non Tender,APBD,POETRA KOEJANG,Pengadaan Langsung,Pengadaan Barang,Belanja Bahan-Bahan Bangunan dan Konstruksi (Belanja Bahan Untuk Unit Reaksi Cepat UPTD Majalengka (Tahap 2)),SELESAI,99290926,0
KAB. MAJALENGKA,DINAS PEKERJAAN UMUM DAN TATA RUANG - 1.03.0.00.0.00.01.0000,10768592000,64812639,2026,Non Tender,APBD,CV. CIFAS,Pengadaan Langsung,Pengadaan Barang,"Belanja Bahan-Bahan Bangunan dan Konstruksi (Bahan Pemeliharaan Jaringan Irigasi Sekunder BSL 18 Daerah Irigasi Ciherang Hilir, Bahan Pemeliharaan Jaringan Irigasi Sekunder Cijuray 3 Daerah Irigasi Cijurey, Bahan Pemeliharaan Jaringan Irigasi Sekunder Selamet BSL 1 Daerah Irigasi Ciherang Hilir) pada UPTD SDA Jatiwangi",SELESAI,53180484,0
KAB. MAJALENGKA,DINAS PEKERJAAN UMUM DAN TATA RUANG - 1.03.0.00.0.00.01.0000,10796690000,65565744,2026,Non Tender,APBD,CV. SAMPURNA KAYA RAYA,Pengadaan Langsung,Pekerjaan Konstruksi,Belanja Modal Jalan Kabupaten (Pemeliharaan Jalan KH Abdul Kodir),SELESAI,298846116,298846116
KAB. MAJALENGKA,DINAS PEKERJAAN UMUM DAN TATA RUANG - 1.03.0.00.0.00.01.0000,01KJS0EN1Y95N3FY96535W5B7X,64732654,2026,E-Katalog 6.0,APBD,PURAJAYA,E-Purchasing,Barang,Belanja Suku Cadang-Suku Cadang Alat Angkutan (Suku Cadang Alat Angkutan),ON PROCESS,42000000,42000000
KAB. MAJALENGKA,DINAS PEKERJAAN UMUM DAN TATA RUANG - 1.03.0.00.0.00.01.0000,01KGPC2RZFQRXT19TKMS43BDFS,65134654,2026,E-Katalog 6.0,APBD,AILSA NANDA,E-Purchasing,Barang," Belanja Alat/Bahan untuk Kegiatan Kantor- Bahan Cetak - Penyediaan Spanduk dan Backdrop / Baligo (Sub Kegiatan Penyediaan Barang Cetakan dan Penggandaan)",ON PROCESS,11199989,11199989
KAB. MAJALENGKA,DINAS PEKERJAAN UMUM DAN TATA RUANG - 1.03.0.00.0.00.01.0000,10787702000,65480168,2026,Non Tender,APBD,ARKASHA UTAMA CONSTRUCTION,Pengadaan Langsung,Pekerjaan Konstruksi,Belanja Modal Jalan Kabupaten (Pemeliharaan Jalan Abdul Majid),SELESAI,199321318,199321318
KAB. MAJALENGKA,DINAS PEKERJAAN UMUM DAN TATA RUANG - 1.03.0.00.0.00.01.0000,01KKJQC0Z4PKFKZ253YEWP970V,65134654,2026,E-Katalog 6.0,APBD,AILSA NANDA,E-Purchasing,Barang," Belanja Alat/Bahan untuk Kegiatan Kantor- Bahan Cetak - Penyediaan Spanduk dan Backdrop / Baligo (Sub Kegiatan Penyediaan Barang Cetakan dan Penggandaan)",ON PROCESS,4100000,4100000
KAB. MAJALENGKA,DINAS PEKERJAAN UMUM DAN TATA RUANG - 1.03.0.00.0.00.01.0000,10786812000,65518318,2026,Non Tender,APBD,cv dharmawan jaya,Pengadaan Langsung,Pekerjaan Konstruksi,Belanja Modal Jalan Kabupaten (Pemeliharaan Jalan Gandu - Sinarjati),SELESAI,298413943,298413943
KAB. MAJALENGKA,DINAS PEKERJAAN UMUM DAN TATA RUANG - 1.03.0.00.0.00.01.0000,01KN3WFT1SRBGZN76W8CV54RR6,64679514,2026,E-Katalog 6.0,APBD,NUNUNG NURHASANAH,E-Purchasing,Barang,Belanja Makanan dan Minuman Rapat,ON PROCESS,875000,875000
KAB. MAJALENGKA,DINAS PEKERJAAN UMUM DAN TATA RUANG - 1.03.0.00.0.00.01.0000,10796769000,63180155,2026,Non Tender,APBD,cv dharmawan jaya,Pengadaan Langsung,Pekerjaan Konstruksi,Belanja Barang untuk Dijual/Diserahkan kepada Masyarakat (Pemeliharaan Jalan Desa Argasari),BERLANGSUNG,198918357,198918357
KAB. MAJALENGKA,DINAS PEKERJAAN UMUM DAN TATA RUANG - 1.03.0.00.0.00.01.0000,10768515000,64815457,2026,Non Tender,APBD,CV. YAD JAYA PERKASA,Pengadaan Langsung,Pengadaan Barang,"Belanja Bahan-Bahan Bangunan dan Konstruksi (Bahan Pemeliharaan Jaringan Irigasi D.I Cimonde (Sal.Cimonde 2), Bahan Pemeliharaan Jaringan Irigasi D.I Cisambeng, Bahan Pemeliharaan Jaringan Irigasi D.I Leuwibatu) pada UPTD SDA Sukahaji",SELESAI,68627048,0
KAB. MAJALENGKA,DINAS PEKERJAAN UMUM DAN TATA RUANG - 1.03.0.00.0.00.01.0000,10787906000,65659248,2026,Non Tender,APBD,CV.ADIBRATA JAYA PERSADA,Pengadaan Langsung,Pekerjaan Konstruksi,Belanja Modal Jalan Kabupaten (Pemeliharaan Jalan Nangerang - Patuanan (Opsen PKB)),SELESAI,199297603,199297603
KAB. MAJALENGKA,DINAS PEKERJAAN UMUM DAN TATA RUANG - 1.03.0.00.0.00.01.0000,10787718000,65894209,2026,Non Tender,APBD,CV. KENCANA,Pengadaan Langsung,Pekerjaan Konstruksi,Belanja Modal Jalan Kabupaten (Pemeliharaan Jalan Parakan - Cisetu),SELESAI,198988991,198988991
KAB. MAJALENGKA,DINAS PEKERJAAN UMUM DAN TATA RUANG - 1.03.0.00.0.00.01.0000,10786824000,65509517,2026,Non Tender,APBD,Cv Rama Putera Jaya,Pengadaan Langsung,Pekerjaan Konstruksi,Belanja Modal Jalan Kabupaten (Pemeliharaan Jalan Cipinang - Pos (Opsen PKB)),SELESAI,298334034,298334034
KAB. MAJALENGKA,DINAS PEKERJAAN UMUM DAN TATA RUANG - 1.03.0.00.0.00.01.0000,10773818000,63496351,2026,Non Tender,APBD,BARRAH,Pengadaan Langsung,Pengadaan Barang,Belanja Bahan-Bahan Bangunan dan Konstruksi (Belanja Bahan Untuk Unit Reaksi Cepat UPTD Jatitujuh (Tahap 2)),SELESAI,99396060,0
KAB. MAJALENGKA,DINAS PEKERJAAN UMUM DAN TATA RUANG - 1.03.0.00.0.00.01.0000,10820370000,65475348,2026,Non Tender,APBD,CV. ADIDAYA GLOBAL ABADI,Pengadaan Langsung,Pekerjaan Konstruksi,Belanja Barang untuk Dijual/Diserahkan kepada Masyarakat (Pemeliharaan Jalan Desa Sukaraja Kulon),BERLANGSUNG,199377332,199377332
KAB. MAJALENGKA,DINAS PEKERJAAN UMUM DAN TATA RUANG - 1.03.0.00.0.00.01.0000,10802528000,65508005,2026,Non Tender,APBD,TRILOKA UTAMA KARYA,Pengadaan Langsung,Pekerjaan Konstruksi,Belanja Modal Jalan Kabupaten (Pemeliharaan Jalan Cipaku - Pilangsari),BERLANGSUNG,198848725,198848725
KAB. MAJALENGKA,DINAS PEKERJAAN UMUM DAN TATA RUANG - 1.03.0.00.0.00.01.0000,10802790000,65533815,2026,Non Tender,APBD,CV. SAMUDRA BERKAH ABADI,Pengadaan Langsung,Pekerjaan Konstruksi,Belanja Modal Jalan Kabupaten (Pemeliharaan Jalan Heubeulisuk - Pasirayu (Opsen PKB)),BERLANGSUNG,199011808,199011808
KAB. MAJALENGKA,DINAS PEKERJAAN UMUM DAN TATA RUANG - 1.03.0.00.0.00.01.0000,10787955000,65514202,2026,Non Tender,APBD,CV. BIMA,Pengadaan Langsung,Pekerjaan Konstruksi,Belanja Modal Jalan Kabupaten (Pemeliharaan Jalan Dalem Cucuk (Opsen PKB)),SELESAI,199500610,199500610
KAB. MAJALENGKA,DINAS PEKERJAAN UMUM DAN TATA RUANG - 1.03.0.00.0.00.01.0000,10786838000,65505728,2026,Non Tender,APBD,CV. INTAN GROUP,Pengadaan Langsung,Pekerjaan Konstruksi,Belanja Modal Jalan Kabupaten (Pemeliharaan Jalan Cikijing - Cikondang - Cisoka),SELESAI,198836664,198836664
KAB. MAJALENGKA,DINAS PEKERJAAN UMUM DAN TATA RUANG - 1.03.0.00.0.00.01.0000,10786834000,65481705,2026,Non Tender,APBD,CV. RADJA,Pengadaan Langsung,Pekerjaan Konstruksi,Belanja Modal Jalan Kabupaten (Pemeliharaan Jalan Blok Kaum Kaler Talaga),SELESAI,198816379,198816379
KAB. MAJALENGKA,DINAS PEKERJAAN UMUM DAN TATA RUANG - 1.03.0.00.0.00.01.0000,01KFN8DPJYWX6N2FY7W1FWSF4B,64135493,2026,E-Katalog 6.0,APBD,AILSA NANDA,E-Purchasing,Barang,Belanja Makanan dan Minuman Rapat Bagian Umum (Jamuan Makan dan Snack Rapat),ON PROCESS,9975000,9975000
KAB. MAJALENGKA,DINAS PEKERJAAN UMUM DAN TATA RUANG - 1.03.0.00.0.00.01.0000,10786424000,65480888,2026,Non Tender,APBD,CV.ADIBRATA JAYA PERSADA,Pengadaan Langsung,Pekerjaan Konstruksi,Belanja Modal Jalan Kabupaten (Pemeliharaan Jalan Babakan - Palasah (Opsen PKB)),SELESAI,199027541,199027541
KAB. MAJALENGKA,DINAS PEKERJAAN UMUM DAN TATA RUANG - 1.03.0.00.0.00.01.0000,10768479000,64817295,2026,Non Tender,APBD,CV. YAD JAYA PERKASA,Pengadaan Langsung,Pengadaan Barang,"Belanja Bahan-Bahan Bangunan dan Konstruksi (Bahan Pemeliharaan Jaringan Irigasi Sal. Cikawung, Bahan Pemeliharaan Jaringan Irigasi Sal. Cikubang, Bahan Pemeliharaan Jaringan Irigasi Sal. Cileungsir) pada UPTD SDA Talaga",SELESAI,52335844,0
KAB. MAJALENGKA,DINAS PEKERJAAN UMUM DAN TATA RUANG - 1.03.0.00.0.00.01.0000,01KH8G5P9KQ51QVR4NM12G7ZJE,64935646,2026,E-Katalog 6.0,APBD,AILSA NANDA,E-Purchasing,Barang,Beban Makanan dan Minuman Rapat (Makan Rapat Koordinasi dan Penyusunan DPA-SKPD),ON PROCESS,3000000,3000000
KAB. MAJALENGKA,DINAS PEKERJAAN UMUM DAN TATA RUANG - 1.03.0.00.0.00.01.0000,10796028000,65898645,2026,Non Tender,APBD,TRILOKA UTAMA KARYA,Pengadaan Langsung,Pekerjaan Konstruksi,Belanja Modal Jalan Kabupaten (Pemeliharaan Jalan Rajagaluh - Payung),SELESAI,298252730,298252730
KAB. MAJALENGKA,DINAS PEKERJAAN UMUM DAN TATA RUANG - 1.03.0.00.0.00.01.0000,10786810000,65898252,2026,Non Tender,APBD,CV MEGA HEKSA DJAYA,Pengadaan Langsung,Pekerjaan Konstruksi,Belanja Modal Jalan Kabupaten (Pemeliharaan Jalan Tonjong - Cicenang),SELESAI,398572379,398572379
KAB. MAJALENGKA,DINAS PEKERJAAN UMUM DAN TATA RUANG - 1.03.0.00.0.00.01.0000,10796866000,65480213,2026,Non Tender,APBD,CV. INTI RAYA,Pengadaan Langsung,Pekerjaan Konstruksi,Belanja Modal Jalan Kabupaten (Pemeliharaan Jalan Akses Wisata Cadas Gantung (Mirat)),BERLANGSUNG,199364869,199364869
KAB. MAJALENGKA,DINAS PEKERJAAN UMUM DAN TATA RUANG - 1.03.0.00.0.00.01.0000,10818803000,63474881,2026,Non Tender,APBD,CV. SAMUDRA BERKAH ABADI,Pengadaan Langsung,Pekerjaan Konstruksi,Belanja Barang untuk Dijual/Diserahkan kepada Masyarakat (Rehabilitasi Jembatan Dukuhdomba),BERLANGSUNG,159545907,159545907
KAB. MAJALENGKA,DINAS PEKERJAAN UMUM DAN TATA RUANG - 1.03.0.00.0.00.01.0000,10786829000,63179303,2026,Non Tender,APBD,CV MEGA HEKSA DJAYA,Pengadaan Langsung,Pekerjaan Konstruksi,Belanja Barang untuk Dijual/Diserahkan kepada Masyarakat ( Pemeliharaan Jalan Babakan Desa Talaga Kulon),SELESAI,199326831,199326831
KAB. MAJALENGKA,DINAS PEKERJAAN UMUM DAN TATA RUANG - 1.03.0.00.0.00.01.0000,01KH2JP5CEN67J2PDM2CJEC2ZM,64818332,2026,E-Katalog 6.0,APBD,AGAM MITRA MANDIRI,E-Purchasing,Barang,Belanja Bahan-Bahan Bakar dan Pelumas (Operasional UPTD SDA Bantarujeg Minyak Pelumas Oli dan Oli Samping),ON PROCESS,2907000,2907000
KAB. MAJALENGKA,DINAS PEKERJAAN UMUM DAN TATA RUANG - 1.03.0.00.0.00.01.0000,10787694000,65474307,2026,Non Tender,APBD,CV. SUKMA KARYA SEJATI,Pengadaan Langsung,Pekerjaan Konstruksi,Belanja Barang untuk Dijual/Diserahkan kepada Masyarakat (Pemeliharaan Jalan Desa Bantrangsana),SELESAI,198978600,198978600
KAB. MAJALENGKA,DINAS PEKERJAAN UMUM DAN TATA RUANG - 1.03.0.00.0.00.01.0000,10773802000,63513943,2026,Non Tender,APBD,DEEPA TIMIRA,Pengadaan Langsung,Pengadaan Barang,Belanja Bahan-Bahan Bangunan dan Konstruksi (Belanja Bahan Untuk Unit Reaksi Cepat UPTD Talaga (Tahap 2)),SELESAI,99384316,0
KAB. MAJALENGKA,DINAS PEKERJAAN UMUM DAN TATA RUANG - 1.03.0.00.0.00.01.0000,01KP9YF8C94E99JBFA1R7808QY,66350939,2026,E-Katalog 6.0,APBD,AILSA NANDA,E-Purchasing,Barang,Belanja Makanan dan Minuman Rapat (Jamuan Makan Rapat dan Snack Rapat Bagian Umum),ON PROCESS,2375000,2375000
KAB. MAJALENGKA,DINAS PEKERJAAN UMUM DAN TATA RUANG - 1.03.0.00.0.00.01.0000,10786312000,65565430,2026,Non Tender,APBD,CV. INTI RAYA,Pengadaan Langsung,Pekerjaan Konstruksi,Belanja Modal Jalan Kabupaten (Pemeliharaan Jalan Kehutanan),SELESAI,298041424,298041424
KAB. MAJALENGKA,DINAS PEKERJAAN UMUM DAN TATA RUANG - 1.03.0.00.0.00.01.0000,10787814000,65567646,2026,Non Tender,APBD,CV. MAJA CIPTA SARANA,Pengadaan Langsung,Pekerjaan Konstruksi,Belanja Modal Jalan Kabupaten (Pemeliharaan Jalan Leuwilenggik - Dukuh Asem),SELESAI,199267312,199267312
KAB. MAJALENGKA,DINAS PEKERJAAN UMUM DAN TATA RUANG - 1.03.0.00.0.00.01.0000,01KGEJFPHKMM273FFN4HK9J4JD,64679513,2026,E-Katalog 6.0,APBD,AGAM MITRA MANDIRI,E-Purchasing,Barang,Alat Tulis Kantor,PAYMENT OUTSIDE SYSTEM,128000,128000
KAB. MAJALENGKA,DINAS PEKERJAAN UMUM DAN TATA RUANG - 1.03.0.00.0.00.01.0000,10775872000,64680537,2026,Non Tender,APBD,CV. AUDI JAYA,Pengadaan Langsung,Pengadaan Barang,Belanja Bahan-Bahan Bangunan dan Konstruksi (Bahan Pembangunan Bangunan Ukur Mata Air Sugih Desa Talaga Wetan Kec. Talaga),SELESAI,62797029,0
KAB. MAJALENGKA,DINAS PEKERJAAN UMUM DAN TATA RUANG - 1.03.0.00.0.00.01.0000,10815672000,65892537,2026,Non Tender,APBD,CV. ESA PRATAMA MANUNGGAL,Pengadaan Langsung,Pekerjaan Konstruksi,Belanja Modal Jalan Kabupaten (Pemeliharaan Jalan Padarek - Sinargalih),BERLANGSUNG,199433045,199433045
KAB. MAJALENGKA,DINAS PEKERJAAN UMUM DAN TATA RUANG - 1.03.0.00.0.00.01.0000,10787639000,65573207,2026,Non Tender,APBD,CV. INTI RAYA,Pengadaan Langsung,Pekerjaan Konstruksi,Belanja Modal Jalan Kabupaten (Pemeliharaan Jalan Leuwumunding - Palasah (Opsen PKB)),SELESAI,398296037,398296037
KAB. MAJALENGKA,DINAS PEKERJAAN UMUM DAN TATA RUANG - 1.03.0.00.0.00.01.0000,10795984000,65483129,2026,Non Tender,APBD,CV. MENTARI,Pengadaan Langsung,Pekerjaan Konstruksi,Belanja Modal Jalan Kabupaten (Pemeliharaan Jalan Cidulang - Citaman),SELESAI,398654913,398654913
KAB. MAJALENGKA,DINAS PEKERJAAN UMUM DAN TATA RUANG - 1.03.0.00.0.00.01.0000,01KGEK5CD5K5ADG01EQGNA6FHK,64679509,2026,E-Katalog 6.0,APBD,AGAM MITRA MANDIRI,E-Purchasing,Barang,Alat Tulis Kantor,PAYMENT OUTSIDE SYSTEM,248000,248000
KAB. MAJALENGKA,DINAS PEKERJAAN UMUM DAN TATA RUANG - 1.03.0.00.0.00.01.0000,10815990000,65482930,2026,Non Tender,APBD,VIRGO,Pengadaan Langsung,Pekerjaan Konstruksi,Belanja Modal Jalan Kabupaten (Pemeliharaan Jalan Cibodas - Candana (Opsen PKB)),BERLANGSUNG,398128643,398128643
KAB. MAJALENGKA,DINAS PEKERJAAN UMUM DAN TATA RUANG - 1.03.0.00.0.00.01.0000,01KH2JXY4N7052MGXF2APEV3CM,64818856,2026,E-Katalog 6.0,APBD,AGAM MITRA MANDIRI,E-Purchasing,Barang,Belanja Bahan-Bahan Bakar dan Pelumas (Operasional UPTD SDA Jatitujuh Minyak Pelumas Oli dan Oli Samping),ON PROCESS,3888000,3888000
KAB. MAJALENGKA,DINAS PEKERJAAN UMUM DAN TATA RUANG - 1.03.0.00.0.00.01.0000,10768569000,64813827,2026,Non Tender,APBD,CV. YAD JAYA PERKASA,Pengadaan Langsung,Pengadaan Barang,"Belanja Bahan-Bahan Bangunan dan Konstruksi (Bahan Pemeliharaan Saluran Irigasi Cijaringao, Bahan Pemeliharaan Saluran Irigasi Cikarikil, Bahan Pemeliharaan Saluran Ciputri, Bahan Pemeliharaan Saluran Irigasi Nursalim) pada UPTD SDA Rajagaluh",SELESAI,54173472,0
KAB. MAJALENGKA,DINAS PEKERJAAN UMUM DAN TATA RUANG - 1.03.0.00.0.00.01.0000,10767946000,63496936,2026,Non Tender,APBD,DEEPA TIMIRA,Pengadaan Langsung,Pengadaan Barang,Belanja Bahan-Bahan Bangunan dan Konstruksi (Belanja Bahan Untuk Unit Reaksi Cepat UPTD Jatiwangi (Tahap 1)),SELESAI,99366090,0
KAB. MAJALENGKA,DINAS PEKERJAAN UMUM DAN TATA RUANG - 1.03.0.00.0.00.01.0000,10799243000,65894969,2026,Non Tender,APBD,CV. KARMILA RAHAYU,Pengadaan Langsung,Pekerjaan Konstruksi,Belanja Modal Jalan Kabupaten (Pemeliharaan Jalan Payung - Bantaragung),SELESAI,199064547,199064547
KAB. MAJALENGKA,DINAS PEKERJAAN UMUM DAN TATA RUANG - 1.03.0.00.0.00.01.0000,01KH2KB83HTGS9ZFQEPWKVCMY6,64821049,2026,E-Katalog 6.0,APBD,AGAM MITRA MANDIRI,E-Purchasing,Barang,Belanja Bahan-Bahan Bakar dan Pelumas (Operasional UPTD SDA Rajagaluh Minyak Pelumas Oli dan Oli Samping),ON PROCESS,2715000,2715000
KAB. MAJALENGKA,DINAS PEKERJAAN UMUM DAN TATA RUANG - 1.03.0.00.0.00.01.0000,10820582000,66021081,2026,Non Tender,APBD,RESA JAYA MANDIRI,Pengadaan Langsung,Pekerjaan Konstruksi,Belanja Modal Jalan Kabupaten (Pemeliharaan Jalan Sukajadi - Kepuh),BERLANGSUNG,198943385,198943385
KAB. MAJALENGKA,DINAS PEKERJAAN UMUM DAN TATA RUANG - 1.03.0.00.0.00.01.0000,10787850000,65481634,2026,Non Tender,APBD,cv dharmawan jaya,Pengadaan Langsung,Pekerjaan Konstruksi,Belanja Modal Jalan Kabupaten (Pemeliharaan Jalan Baturuyuk - Balida),SELESAI,198981875,198981875
KAB. MAJALENGKA,DINAS PEKERJAAN UMUM DAN TATA RUANG - 1.03.0.00.0.00.01.0000,01KJ99687WKPQT31ZX5Z7JZHAM,65256406,2026,E-Katalog 6.0,APBD,FAHMI MOHAMAD RIDWAN,E-Purchasing,Barang,Belanja Alat/Bahan untuk Kegiatan Kantor - Alat Listrik,ON PROCESS,5200000,5200000
KAB. MAJALENGKA,DINAS PEKERJAAN UMUM DAN TATA RUANG - 1.03.0.00.0.00.01.0000,10786803000,65896968,2026,Non Tender,APBD,niwaya construction,Pengadaan Langsung,Pekerjaan Konstruksi,Belanja Modal Jalan Kabupaten (Pemeliharaan Jalan Rajagaluh - Singawada),SELESAI,398617497,398617497
KAB. MAJALENGKA,DINAS PEKERJAAN UMUM DAN TATA RUANG - 1.03.0.00.0.00.01.0000,01KH2JSMSCYF41ZBDDA7RGBENM,64818539,2026,E-Katalog 6.0,APBD,AGAM MITRA MANDIRI,E-Purchasing,Barang,Belanja Bahan-Bahan Bakar dan Pelumas (Operasional UPTD SDA Dawuan Oli Samping),ON PROCESS,405000,405000
KAB. MAJALENGKA,DINAS PEKERJAAN UMUM DAN TATA RUANG - 1.03.0.00.0.00.01.0000,10767756000,63494266,2026,Non Tender,APBD,CV. DINAMIS,Pengadaan Langsung,Pengadaan Barang,Belanja Bahan-Bahan Bangunan dan Konstruksi (Belanja Bahan Untuk Unit Reaksi Cepat UPTD Bantarujeg (Tahap 1),SELESAI,99352415,0
KAB. MAJALENGKA,DINAS PEKERJAAN UMUM DAN TATA RUANG - 1.03.0.00.0.00.01.0000,10786326000,65893866,2026,Non Tender,APBD,CV. NADYA KARYA,Pengadaan Langsung,Pekerjaan Konstruksi,Belanja Modal Jalan Kabupaten (Pemeliharaan Jalan Panjalin - Cidenok),SELESAI,198707915,198707915
KAB. MAJALENGKA,DINAS PEKERJAAN UMUM DAN TATA RUANG - 1.03.0.00.0.00.01.0000,01KJS7DRM55YN8PE1Z1FSE9Y27,65134654,2026,E-Katalog 6.0,APBD,AILSA NANDA,E-Purchasing,Barang," Belanja Alat/Bahan untuk Kegiatan Kantor- Bahan Cetak - Penyediaan Spanduk dan Backdrop / Baligo (Sub Kegiatan Penyediaan Barang Cetakan dan Penggandaan)",ON PROCESS,600000,600000
KAB. MAJALENGKA,DINAS PEKERJAAN UMUM DAN TATA RUANG - 1.03.0.00.0.00.01.0000,10820254000,65476512,2026,Non Tender,APBD,niwaya construction,Pengadaan Langsung,Pekerjaan Konstruksi,Belanja Barang untuk Dijual/Diserahkan kepada Masyarakat (Pemeliharaan Jalan Rajagaluh Kidul - Kumbung),BERLANGSUNG,199300488,199300488
KAB. MAJALENGKA,DINAS PEKERJAAN UMUM DAN TATA RUANG - 1.03.0.00.0.00.01.0000,10790491000,65953873,2026,Non Tender,APBD,VIRGO,Pengadaan Langsung,Pekerjaan Konstruksi,Belanja Modal Jalan Kabupaten (Pemeliharaan Jalan Sumurugul - Kumbung),SELESAI,198981014,198981014
KAB. MAJALENGKA,DINAS PEKERJAAN UMUM DAN TATA RUANG - 1.03.0.00.0.00.01.0000,10773808000,63511683,2026,Non Tender,APBD,CV SAMUDRA INTILAND,Pengadaan Langsung,Pengadaan Barang,Belanja Bahan-Bahan Bangunan dan Konstruksi ( Belanja Bahan Untuk Unit Reaksi Cepat UPTD Maja (Tahap 2)),SELESAI,99317139,0
KAB. MAJALENGKA,DINAS PEKERJAAN UMUM DAN TATA RUANG - 1.03.0.00.0.00.01.0000,10787724000,65567845,2026,Non Tender,APBD,CV. MAJA CIPTA SARANA,Pengadaan Langsung,Pekerjaan Konstruksi,Belanja Modal Jalan Kabupaten (Pemeliharaan Jalan Leuwilenggik - Sindangkasih),SELESAI,199261440,199261440
KAB. MAJALENGKA,DINAS PEKERJAAN UMUM DAN TATA RUANG - 1.03.0.00.0.00.01.0000,10114050000,63433384,2026,Tender,APBD,cv.maya persada,Seleksi,Jasa Konsultansi Badan Usaha Konstruksi,Belanja Modal Jalan Kabupaten (Jasa Konsultan Pengawas Kegiatan Kontraktual (Penugasan) - Tematik 00),SELESAI,400821000,400821000
KAB. MAJALENGKA,DINAS PEKERJAAN UMUM DAN TATA RUANG - 1.03.0.00.0.00.01.0000,01KJ98W9VJGQQHEHT5EGHX6FCD,65883976,2026,E-Katalog 6.0,APBD,AILSA NANDA,E-Purchasing,Barang,Belanja Makanan dan Minuman Rapat - Makanan dan Minuman Tamu,ON PROCESS,1999954,1999954
KAB. MAJALENGKA,DINAS PEKERJAAN UMUM DAN TATA RUANG - 1.03.0.00.0.00.01.0000,01KGEJPVAFB4CBQ4CHA7HJWKWS,64679511,2026,E-Katalog 6.0,APBD,AGAM MITRA MANDIRI,E-Purchasing,Barang,Belanja Alat/Bahan untuk Kegiatan Kantor- Bahan Cetak,PAYMENT OUTSIDE SYSTEM,75000,75000
KAB. MAJALENGKA,DINAS PEKERJAAN UMUM DAN TATA RUANG - 1.03.0.00.0.00.01.0000,10766312000,64670787,2026,Non Tender,APBD,PT. DENICONT ANUGERAH PRATAMA,Pengadaan Langsung,Jasa Lainnya,Beban Jasa Penyelenggaraan Acara,SELESAI,99722400,99722400
KAB. MAJALENGKA,DINAS PEKERJAAN UMUM DAN TATA RUANG - 1.03.0.00.0.00.01.0000,10797438000,65899329,2026,Non Tender,APBD,CV. MAJU BERSAMA 94,Pengadaan Langsung,Pekerjaan Konstruksi,Belanja Modal Jalan Kabupaten (Pemeliharaan Jalan Sukahaji - Pinangraja),SELESAI,298865323,298865323
KAB. MAJALENGKA,DINAS PEKERJAAN UMUM DAN TATA RUANG - 1.03.0.00.0.00.01.0000,01KGEJKAMEJWEYE9QH2RN1RTN6,64679510,2026,E-Katalog 6.0,APBD,AGAM MITRA MANDIRI,E-Purchasing,Barang,Alat Tulis Kantor,PAYMENT OUTSIDE SYSTEM,680000,680000
KAB. MAJALENGKA,DINAS PEKERJAAN UMUM DAN TATA RUANG - 1.03.0.00.0.00.01.0000,01KGK1HYWZQSWVRQ8WENPZRHQP,65027453,2026,E-Katalog 6.0,APBD,PRATAMA,E-Purchasing,Barang,Belanja Alat/Bahan untuk Kegiatan Kantor- Bahan Cetak (Penyediaan Barang Cetakan - Sub Kegiatan Penyediaan Barang Cetakan dan Penggandaan),ON PROCESS,26040000,26040000
KAB. MAJALENGKA,DINAS PEKERJAAN UMUM DAN TATA RUANG - 1.03.0.00.0.00.01.0000,01KH8GFJPBWFNXA2DDS6N7N5SW,64934812,2026,E-Katalog 6.0,APBD,FAHMI MOHAMAD RIDWAN,E-Purchasing,Barang,Bahan Cetak (Belanja Foto Copy Koordinasi dan Penyusunan DPA-SKPD),ON PROCESS,1800000,1800000
KAB. MAJALENGKA,DINAS PEKERJAAN UMUM DAN TATA RUANG - 1.03.0.00.0.00.01.0000,01KGEJB8HNC6H94F2PQ1SN0T29,64679517,2026,E-Katalog 6.0,APBD,AGAM MITRA MANDIRI,E-Purchasing,Barang,Bahan Cetak,PAYMENT OUTSIDE SYSTEM,2000000,2000000
KAB. MAJALENGKA,DINAS PEKERJAAN UMUM DAN TATA RUANG - 1.03.0.00.0.00.01.0000,10797547000,65657287,2026,Non Tender,APBD,CV. ESA PRATAMA MANUNGGAL,Pengadaan Langsung,Pekerjaan Konstruksi,Belanja Modal Jalan Kabupaten (Pemeliharaan Jalan Mekarraharja - Campaga),BERLANGSUNG,198985005,198985005
KAB. MAJALENGKA,DINAS PEKERJAAN UMUM DAN TATA RUANG - 1.03.0.00.0.00.01.0000,10768767000,64812312,2026,Non Tender,APBD,CV. CIFAS,Pengadaan Langsung,Pengadaan Barang,"Belanja Bahan-Bahan Bangunan dan Konstruksi (Bahan Pemeliharaan Saluran Cicabe 1, Bahan Pemeliharaan Saluran Cicabe 2, Bahan Pemeliharaan Saluran Tarisi 1, Bahan Pemeliharaan Saluran Jawura 2) pada UPTD SDA Jatitujuh",SELESAI,52441728,0
KAB. MAJALENGKA,DINAS PEKERJAAN UMUM DAN TATA RUANG - 1.03.0.00.0.00.01.0000,10815687000,65480556,2026,Non Tender,APBD,CV MEKARGUNA,Pengadaan Langsung,Pekerjaan Konstruksi,Belanja Modal Jalan Kabupaten (Pembangunan TPT Jalan Argamukti - Panyaweuyan),BERLANGSUNG,198820539,198820539
KAB. MAJALENGKA,DINAS PEKERJAAN UMUM DAN TATA RUANG - 1.03.0.00.0.00.01.0000,01KJS05QJQ8X9JYYTHDT77S84T,64731429,2026,E-Katalog 6.0,APBD,PURAJAYA,E-Purchasing,Barang,Belanja Bahan-Bahan Bakar dan Pelumas (Minyak Pelumas / Oli),ON PROCESS,5400000,5400000
KAB. MAJALENGKA,DINAS PEKERJAAN UMUM DAN TATA RUANG - 1.03.0.00.0.00.01.0000,01KH2KJQ2N6ND3CZNHYVHV9YWA,64821290,2026,E-Katalog 6.0,APBD,AGAM MITRA MANDIRI,E-Purchasing,Barang,Belanja Bahan-Bahan Bakar dan Pelumas (Operasional UPTD SDA Sukahaji Minyak Pelumas Oli dan Oli Samping),ON PROCESS,2910000,2910000
KAB. MAJALENGKA,DINAS PEKERJAAN UMUM DAN TATA RUANG - 1.03.0.00.0.00.01.0000,10799259000,65517877,2026,Non Tender,APBD,BARRAH,Pengadaan Langsung,Pekerjaan Konstruksi,Belanja Modal Jalan Kabupaten (Pemeliharaan Jalan Gandasari - Kasokandel),SELESAI,198991443,198991443
KAB. MAJALENGKA,DINAS PEKERJAAN UMUM DAN TATA RUANG - 1.03.0.00.0.00.01.0000,10802185000,65509148,2026,Non Tender,APBD,CV. KAHARINGAN GROUP,Pengadaan Langsung,Pekerjaan Konstruksi,Belanja Modal Jalan Kabupaten (Pemeliharaan Jalan Cipicung - Gunungwindu - Siriwati),BERLANGSUNG,199012031,199012031
KAB. MAJALENGKA,DINAS PEKERJAAN UMUM DAN TATA RUANG - 1.03.0.00.0.00.01.0000,10767766000,63513435,2026,Non Tender,APBD,DEEPA TIMIRA,Pengadaan Langsung,Pengadaan Barang,Belanja Bahan-Bahan Bangunan dan Konstruksi (Belanja Bahan Untuk Unit Reaksi Cepat UPTD Talaga (Tahap 1)),SELESAI,99384294,0
KAB. MAJALENGKA,DINAS PEKERJAAN UMUM DAN TATA RUANG - 1.03.0.00.0.00.01.0000,10802503000,65481180,2026,Non Tender,APBD,CV. ESA PRATAMA MANUNGGAL,Pengadaan Langsung,Pekerjaan Konstruksi,Belanja Modal Jalan Kabupaten (Pemeliharaan Jalan Banjaransari - Argasari),BERLANGSUNG,198980898,198980898
KAB. MAJALENGKA,DINAS PEKERJAAN UMUM DAN TATA RUANG - 1.03.0.00.0.00.01.0000,01KH2KTM19VABJKRBCBQZ0DJPV,64821651,2026,E-Katalog 6.0,APBD,AGAM MITRA MANDIRI,E-Purchasing,Barang,Belanja Bahan-Bahan Bakar dan Pelumas (Operasional UPTD SDA Talaga Minyak Pelumas Oli dan Oli Samping),ON PROCESS,3093000,3093000
KAB. MAJALENGKA,DINAS PEKERJAAN UMUM DAN TATA RUANG - 1.03.0.00.0.00.01.0000,10790515000,65954343,2026,Non Tender,APBD,CV. DWISAKA PERMANA,Pengadaan Langsung,Pekerjaan Konstruksi,Belanja Modal Jalan Kabupaten (Pemeliharaan Jalan Tarikolot - Sukajaya (Majalengka Wetan)),SELESAI,199331386,199331386
KAB. MAJALENGKA,DINAS PEKERJAAN UMUM DAN TATA RUANG - 1.03.0.00.0.00.01.0000,01KGGK3WK8PSBQQXMV6YKZ0WMZ,64956264,2026,E-Katalog 6.0,APBD,AGAM MITRA MANDIRI,E-Purchasing,Barang,Belanja Alat/Bahan untuk Kegiatan Kantor- Kertas dan Cover (Sub Kegiatan Penyediaan Peralatan dan Perlengkapan Kantor),ON PROCESS,31457276,31457276
KAB. MAJALENGKA,DINAS PEKERJAAN UMUM DAN TATA RUANG - 1.03.0.00.0.00.01.0000,01KH2K40R23C3853CK4ZAEYF3R,64820472,2026,E-Katalog 6.0,APBD,AGAM MITRA MANDIRI,E-Purchasing,Barang,Belanja Bahan-Bahan Bakar dan Pelumas (Operasional UPTD SDA Jatiwangi Minyak Pelumas Oli dan Oli Samping),ON PROCESS,4272000,4272000
KAB. MAJALENGKA,DINAS PEKERJAAN UMUM DAN TATA RUANG - 1.03.0.00.0.00.01.0000,10815669000,66066910,2026,Non Tender,APBD,cv. jangkar alam,Pengadaan Langsung,Pekerjaan Konstruksi,Belanja Modal Jalan Kabupaten (Pemeliharaan Jalan Sukasari Kaler - Cibuluh (Panyaweuyan)),BERLANGSUNG,199250522,199250522
KAB. MAJALENGKA,DINAS PEKERJAAN UMUM DAN TATA RUANG - 1.03.0.00.0.00.01.0000,10797454000,65483156,2026,Non Tender,APBD,CV. MAJU BERSAMA 94,Pengadaan Langsung,Pekerjaan Konstruksi,Belanja Modal Jalan Kabupaten (Pemeliharaan Jalan Cieurih - Kulur),SELESAI,199338626,199338626
KAB. MAJALENGKA,DINAS PEKERJAAN UMUM DAN TATA RUANG - 1.03.0.00.0.00.01.0000,01KH8GCQS674PF0D010VBZH801,64934346,2026,E-Katalog 6.0,APBD,FAHMI MOHAMAD RIDWAN,E-Purchasing,Barang,Kertas dan Cover (Penjilidan Koordinasi dan Penyusunan DPA-SKPD),ON PROCESS,1050000,1050000
KAB. MAJALENGKA,DINAS PEKERJAAN UMUM DAN TATA RUANG - 1.03.0.00.0.00.01.0000,10768546000,64813128,2026,Non Tender,APBD,CV. YAD JAYA PERKASA,Pengadaan Langsung,Pengadaan Barang,"Belanja Bahan-Bahan Bangunan dan Konstruksi (Bahan Pemeliharaan Saluran Irigasi Blok Pakuwon, Bahan Pemeliharaan Saluran Irigasi Burubutuh, Bahan Pemeliharaan Saluran Irigasi Ciawi, Bahan Pemeliharaan Saluran Irigasi Playangan) pada UPTD SDA Majalengka",SELESAI,63307296,0
KAB. MAJALENGKA,DINAS PEKERJAAN UMUM DAN TATA RUANG - 1.03.0.00.0.00.01.0000,10802437000,65954575,2026,Non Tender,APBD,Haidar Putra Pradana,Pengadaan Langsung,Pekerjaan Konstruksi,Belanja Modal Jalan Kabupaten (Pemeliharaan Jalan Tonjong Kolot),SELESAI,199269618,199269618
KAB. MAJALENGKA,DINAS PEKERJAAN UMUM DAN TATA RUANG - 1.03.0.00.0.00.01.0000,10790470000,65536268,2026,Non Tender,APBD,CV. KAHARINGAN GROUP,Pengadaan Langsung,Pekerjaan Konstruksi,Belanja Modal Jalan Kabupaten (Pemeliharaan Jalan Jakalalana),SELESAI,198999413,198999413
KAB. MAJALENGKA,DINAS PEKERJAAN UMUM DAN TATA RUANG - 1.03.0.00.0.00.01.0000,10773817000,63497158,2026,Non Tender,APBD,CV. DINAMIS,Pengadaan Langsung,Pengadaan Barang,Belanja Bahan-Bahan Bangunan dan Konstruksi (Belanja Bahan Untuk Unit Reaksi Cepat UPTD Jatiwangi (Tahap 2)),SELESAI,99320269,0
KAB. MAJALENGKA,DINAS PEKERJAAN UMUM DAN TATA RUANG - 1.03.0.00.0.00.01.0000,10790485000,65953702,2026,Non Tender,APBD,CV. PUTRA CIKAL MANDIRI,Pengadaan Langsung,Pekerjaan Konstruksi,Belanja Modal Jalan Kabupaten (Pemeliharaan Jalan Simpeureum - Manjeti),SELESAI,199060893,199060893
KAB. MAJALENGKA,DINAS PEKERJAAN UMUM DAN TATA RUANG - 1.03.0.00.0.00.01.0000,01KH5380RGA4NZ638B7VW040N7,64673892,2026,E-Katalog 6.0,APBD,SHAKURA,E-Purchasing,Barang,"Belanja Alat/Bahan untuk Kegiatan Kantor-Alat/Bahan untuk Kegiatan Kantor Lainnya (Belanja Karung Plastik Logo ""BIDANG SDA DINAS PUTR KAB. MAJALENGKA"")",ON PROCESS,34675000,34675000
KAB. MAJALENGKA,DINAS PEKERJAAN UMUM DAN TATA RUANG - 1.03.0.00.0.00.01.0000,10787680000,65481586,2026,Non Tender,APBD,CV. DWI ANJANI,Pengadaan Langsung,Pekerjaan Konstruksi,Belanja Modal Jalan Kabupaten (Pemeliharaan Jalan Baribis - Kasokandel (Opsen PKB)),SELESAI,298555812,298555812
KAB. MAJALENGKA,DINAS PEKERJAAN UMUM DAN TATA RUANG - 1.03.0.00.0.00.01.0000,10802330000,66010498,2026,Non Tender,APBD,TRILOKA UTAMA KARYA,Pengadaan Langsung,Pekerjaan Konstruksi,Belanja Modal Jalan Kabupaten (Pemeliharaan Jalan Rawa - Maniis),BERLANGSUNG,198681678,198681678
KAB. MAJALENGKA,DINAS PEKERJAAN UMUM DAN TATA RUANG - 1.03.0.00.0.00.01.0000,10802179000,65503833,2026,Non Tender,APBD,CV. ESA PRATAMA MANUNGGAL,Pengadaan Langsung,Pekerjaan Konstruksi,Belanja Modal Jalan Kabupaten (Pemeliharaan Jalan Cikaracak - Lebakbitung),BERLANGSUNG,198994628,198994628
KAB. MAJALENGKA,DINAS PEKERJAAN UMUM DAN TATA RUANG - 1.03.0.00.0.00.01.0000,01KN4H6YWN8RXS2P0C0RWKJK0P,66350939,2026,E-Katalog 6.0,APBD,AILSA NANDA,E-Purchasing,Barang,Belanja Makanan dan Minuman Rapat (Jamuan Makan Rapat dan Snack Rapat Bagian Umum),ON PROCESS,1900000,1900000
KAB. MAJALENGKA,DINAS PEKERJAAN UMUM DAN TATA RUANG - 1.03.0.00.0.00.01.0000,10796917000,66021433,2026,Non Tender,APBD,CV. FAZRI PUTRA,Pengadaan Langsung,Pekerjaan Konstruksi,Belanja Modal Jalan Kabupaten (Pemeliharaan Jalan Sukamenak - Lengkong),BERLANGSUNG,199006833,199006833
KAB. MAJALENGKA,DINAS PEKERJAAN UMUM DAN TATA RUANG - 1.03.0.00.0.00.01.0000,10773814000,63502344,2026,Non Tender,APBD,CV SAMUDRA INTILAND,Pengadaan Langsung,Pengadaan Barang,Belanja Bahan-Bahan Bangunan dan Konstruksi (Belanja Bahan Untuk Unit Reaksi Cepat UPTD Leuwimunding (Tahap 2)),SELESAI,99301266,0
KAB. MAJALENGKA,DINAS PEKERJAAN UMUM DAN TATA RUANG - 1.03.0.00.0.00.01.0000,10786342000,65533124,2026,Non Tender,APBD,CV. DWI ANJANI,Pengadaan Langsung,Pekerjaan Konstruksi,Belanja Modal Jalan Kabupaten (Pemeliharaan Jalan Haurgeulis - Cikidang),SELESAI,198831808,198831808
KAB. MAJALENGKA,DINAS PEKERJAAN UMUM DAN TATA RUANG - 1.03.0.00.0.00.01.0000,10767780000,63511235,2026,Non Tender,APBD,CV SAMUDRA INTILAND,Pengadaan Langsung,Pengadaan Barang,Belanja Bahan-Bahan Bangunan dan Konstruksi (Belanja Bahan Untuk Unit Reaksi Cepat UPTD Maja (Tahap 1)),SELESAI,99286947,0
KAB. MAJALENGKA,DINAS PEKERJAAN UMUM DAN TATA RUANG - 1.03.0.00.0.00.01.0000,10802632000,65506075,2026,Non Tender,APBD,CV. RADJA,Pengadaan Langsung,Pekerjaan Konstruksi,Belanja Modal Jalan Kabupaten (Pemeliharaan Jalan Cimeong - Kagok),BERLANGSUNG,238897912,238897912
KAB. MAJALENGKA,DINAS PEKERJAAN UMUM DAN TATA RUANG - 1.03.0.00.0.00.01.0000,10815662000,66067618,2026,Non Tender,APBD,TRILOKA UTAMA KARYA,Pengadaan Langsung,Pekerjaan Konstruksi,Belanja Modal Jalan Kabupaten (Pemeliharaan Jalan Talaga - Sangiang (Ganeas - Salado)),BERLANGSUNG,313995294,313995294
KAB. MAJALENGKA,DINAS PEKERJAAN UMUM DAN TATA RUANG - 1.03.0.00.0.00.01.0000,01KH2K7D560369WZYSS6RHZKMT,64820849,2026,E-Katalog 6.0,APBD,AGAM MITRA MANDIRI,E-Purchasing,Barang,Belanja Bahan-Bahan Bakar dan Pelumas (Operasional UPTD SDA Majalengka Minyak Pelumas Oli dan Oli Samping),ON PROCESS,927000,927000
KAB. MAJALENGKA,DINAS PEKERJAAN UMUM DAN TATA RUANG - 1.03.0.00.0.00.01.0000,01KFJAM8WVCZVQPTAQN5VQ6NK4,64135493,2026,E-Katalog 6.0,APBD,AILSA NANDA,E-Purchasing,Barang,Belanja Makanan dan Minuman Rapat Bagian Umum (Jamuan Makan dan Snack Rapat),ON PROCESS,2375000,2375000
KAB. MAJALENGKA,DINAS PEKERJAAN UMUM DAN TATA RUANG - 1.03.0.00.0.00.01.0000,10820038000,65658138,2026,Non Tender,APBD,CV. BIMA,Pengadaan Langsung,Pekerjaan Konstruksi,Belanja Modal Jalan Kabupaten (Pemeliharaan Jalan Munjul - Ciandeu),BERLANGSUNG,398601777,398601777
KAB. MAJALENGKA,DINAS PEKERJAAN UMUM DAN TATA RUANG - 1.03.0.00.0.00.01.0000,01KHWC1X2SY9TC8RB061K25EN8,62506029,2026,E-Katalog 6.0,APBD,KALIMASADA ZAHRAA JAYA,E-Purchasing,Pekerjaan Konstruksi,Belanja Modal Jalan Kabupaten (Penanganan Long Segment Jalan Payung - Sadarehe (DAK)),ON PROCESS,14154054886,14154054886
KAB. MAJALENGKA,DINAS PEKERJAAN UMUM DAN TATA RUANG - 1.03.0.00.0.00.01.0000,10815653000,66067769,2026,Non Tender,APBD,cv. jangkar alam,Pengadaan Langsung,Pekerjaan Konstruksi,Belanja Modal Jalan Kabupaten (Pemeliharaan Jalan Tegalsari - Cibunut (Tegalsari - Sagara)),BERLANGSUNG,398993568,398993568
KAB. MAJALENGKA,DINAS PEKERJAAN UMUM DAN TATA RUANG - 1.03.0.00.0.00.01.0000,10820919000,66013785,2026,Non Tender,APBD,RESA JAYA MANDIRI,Pengadaan Langsung,Pekerjaan Konstruksi,Belanja Modal Jalan Kabupaten (Pemeliharaan Jalan Sindangwangi - Payung),BERLANGSUNG,398205131,398205131
KAB. MAJALENGKA,DINAS PEKERJAAN UMUM DAN TATA RUANG - 1.03.0.00.0.00.01.0000,10802752000,63182286,2026,Non Tender,APBD,CV. SUKMA KARYA SEJATI,Pengadaan Langsung,Pekerjaan Konstruksi,Belanja Barang untuk Dijual/Diserahkan kepada Masyarakat ( Pemeliharaan Jalan Desa Liangjulang (Opsen PKB)),BERLANGSUNG,198941260,198941260
KAB. MAJALENGKA,DINAS PEKERJAAN UMUM DAN TATA RUANG - 1.03.0.00.0.00.01.0000,10778560000,65170608,2026,Non Tender,APBD,DEEPA TIMIRA,Pengadaan Langsung,Pekerjaan Konstruksi,Belanja Modal Jalan Kabupaten (Pemeliharaan Jalan Jatitujuh - Wanasalam),SELESAI,199130259,199130259
KAB. MAJALENGKA,DINAS PEKERJAAN UMUM DAN TATA RUANG - 1.03.0.00.0.00.01.0000,10815681000,66071209,2026,Non Tender,APBD,CV. PRINGGANDANI,Pengadaan Langsung,Pekerjaan Konstruksi,Belanja Modal Jalan Kabupaten (Rekonstruksi Jalan Cianca - Lebakwangi),BERLANGSUNG,299043557,299043557
KAB. MAJALENGKA,DINAS PEKERJAAN UMUM DAN TATA RUANG - 1.03.0.00.0.00.01.0000,10799284000,65480441,2026,Non Tender,APBD,CV.ADIBRATA JAYA PERSADA,Pengadaan Langsung,Pekerjaan Konstruksi,Belanja Modal Jalan Kabupaten (Pemeliharaan Jalan Anggrawati - Cengal (Opsen PKB)),SELESAI,199300720,199300720
KAB. MAJALENGKA,DINAS PEKERJAAN UMUM DAN TATA RUANG - 1.03.0.00.0.00.01.0000,10790546000,65954129,2026,Non Tender,APBD,CV MEGA HEKSA DJAYA,Pengadaan Langsung,Pekerjaan Konstruksi,Belanja Modal Jalan Kabupaten (Pemeliharaan Jalan Sindangpala - Sangiang),SELESAI,293980986,293980986
KAB. MAJALENGKA,DINAS PEKERJAAN UMUM DAN TATA RUANG - 1.03.0.00.0.00.01.0000,10787666000,65483223,2026,Non Tender,APBD,CV.PRATAMA KASIH,Pengadaan Langsung,Pekerjaan Konstruksi,Belanja Modal Jalan Kabupaten (Pemeliharaan Jalan Cihaur - Haurgeulis),SELESAI,298626619,298626619
KAB. MAJALENGKA,DINAS PEKERJAAN UMUM DAN TATA RUANG - 1.03.0.00.0.00.01.0000,10767892000,63502012,2026,Non Tender,APBD,POETRA KOEJANG,Pengadaan Langsung,Pengadaan Barang,Belanja Bahan-Bahan Bangunan dan Konstruksi (Belanja Bahan Untuk Unit Reaksi Cepat UPTD Leuwimunding (Tahap 1)),SELESAI,99417150,0
KAB. MAJALENGKA,DINAS PEKERJAAN UMUM DAN TATA RUANG - 1.03.0.00.0.00.01.0000,10802591000,65658025,2026,Non Tender,APBD,CV. CAHAYA MUTIARA,Pengadaan Langsung,Pekerjaan Konstruksi,Belanja Modal Jalan Kabupaten (Pemeliharaan Jalan Mekarwangi - Bantarmerak),BERLANGSUNG,198959497,198959497
KAB. MAJALENGKA,DINAS PEKERJAAN UMUM DAN TATA RUANG - 1.03.0.00.0.00.01.0000,10787879000,65513007,2026,Non Tender,APBD,CV. PRIMADISA MANDIRI,Pengadaan Langsung,Pekerjaan Konstruksi,Belanja Modal Jalan Kabupaten (Pemeliharaan Jalan Cisetu - Sindanghaji),SELESAI,198939461,198939461
KAB. MAJALENGKA,DINAS PEKERJAAN UMUM DAN TATA RUANG - 1.03.0.00.0.00.01.0000,10767816000,63509989,2026,Non Tender,APBD,POETRA KOEJANG,Pengadaan Langsung,Pengadaan Barang,Belanja Bahan-Bahan Bangunan dan Konstruksi (Belanja Bahan Untuk Unit Reaksi Cepat UPTD Majalengka (Tahap 1)),SELESAI,99302265,0
KAB. MAJALENGKA,DINAS PEKERJAAN UMUM DAN TATA RUANG - 1.03.0.00.0.00.01.0000,01KG2EMZQGFT6J4M707H8S78F2,64642120,2026,E-Katalog 6.0,APBD,AILSA NANDA,E-Purchasing,Barang," Belanja Makanan dan Minuman Rapat (Jamuan Makan dan Snack Rapat Bagian Umum)",ON PROCESS,2375000,2375000
KAB. MAJALENGKA,DINAS PEKERJAAN UMUM DAN TATA RUANG - 1.03.0.00.0.00.01.0000,01KGEJYYXYT3CGJ153Q5ACJQD1,64679512,2026,E-Katalog 6.0,APBD,AGAM MITRA MANDIRI,E-Purchasing,Barang,Bahan Cetak,PAYMENT OUTSIDE SYSTEM,90000,90000
KAB. MAJALENGKA,DINAS PEKERJAAN UMUM DAN TATA RUANG - 1.03.0.00.0.00.01.0000,10790458000,65904936,2026,Non Tender,APBD,CV. PRIMADISA MANDIRI,Pengadaan Langsung,Pekerjaan Konstruksi,Belanja Modal Jalan Kabupaten (Pemeliharaan Jalan Tarikolot - Sindanghaji),SELESAI,198946994,198946994
KAB. MAJALENGKA,DINAS PEKERJAAN UMUM DAN TATA RUANG - 1.03.0.00.0.00.01.0000,10802648000,66021675,2026,Non Tender,APBD,CV. SAMUDRA BERKAH ABADI,Pengadaan Langsung,Pekerjaan Konstruksi,Belanja Modal Jalan Kabupaten (Pemeliharaan Jalan Sukapancar - Sarimanik - Gunungmanik),BERLANGSUNG,198998628,198998628
KAB. MAJALENGKA,DINAS PEKERJAAN UMUM DAN TATA RUANG - 1.03.0.00.0.00.01.0000,01KH03DZGHTWE5X4JE8H7WZ7QD,65172722,2026,E-Katalog 6.0,APBD,RIDO UTAMA,E-Purchasing,Barang,Belanja Alat/Bahan untuk Kegiatan Kantor (Perabot Kantor),ON PROCESS,18725000,18725000
KAB. MAJALENGKA,DINAS PEKERJAAN UMUM DAN TATA RUANG - 1.03.0.00.0.00.01.0000,01KN3WD5MXB2DE9JPY0ZQ5S7K8,64679515,2026,E-Katalog 6.0,APBD,NUNUNG NURHASANAH,E-Purchasing,Barang,Belanja Makanan dan Minuman Rapat,ON PROCESS,1500000,1500000
